final_1s_net_deg,final_twist_deg,first_command_action1_delta_rms_rad,first_command_action1_max_abs_delta_rad,first_command_delta_P_term_max_abs_Nm,first_command_delta_P_term_rms_Nm,first_command_prefix2_delta_rms_rad,first_command_tip_linearized_max_delta_mm,first_command_tip_linearized_mean_delta_mm,first_reference9_delta_rms_rad,first_reference_prefix2_delta_rms_rad,historical_reproduction_max_error,initial_27_fields_equal,label,lambda_direction,last1s_direction,max_axis_tilt_deg,max_position_from_step8_m,native_failure,net_direction,noise_seed,nominal_PD_above_effort_limit_count,object_net_contact_force_norm_final_N,object_net_contact_force_norm_min_after8_N,paired_first8_state_max_error,root_omega_vs_pose_difference_correlation,step9_measured_joint_total_torque_delta_rms_Nm,step9_measured_tip_position_max_delta_mm,step9_measured_tip_position_mean_delta_mm,step9_object_net_contact_force_delta_norm_N,step9_twist_difference_deg,steps,twist_after_initial8_deg,video,wall_seconds
6.0337145550259095,-14.791644038369157,0.0005360178723209522,0.0012475550174713135,0.003991511289299865,0.0014419628074098794,0.0007986534133842841,0.07546300188343366,0.06143068399525409,0.028935034172659996,0.008130041484020101,,True,native_n48_lambdam1p00000,-1.0,left,10.539663368752189,0.014322667116045391,False,right,48,0,9.113280621043685,4.375905828641631,0.0,-0.06654607680411424,3.362818716274287e-05,0.033760763703256653,0.023808782122765507,0.12023038526149682,-0.02976479787776043,288,-14.21629903470668,/home/carus/Program/Dexterous_Manipulation/Dex_diffuse/docs/experiment_reviews/20260927_direction_threshold/runs/native_n48_lambdam1p00000/rollout.mp4,27.661612185183913
-1.5423808400379073,-22.49853889605302,0.0004021924088696588,0.0009235143661499023,0.002947433875334582,0.0011085367192202166,0.0005985980896133851,0.05770730824368975,0.04519816429888248,0.021701272034857333,0.006097535364761088,,True,native_n48_lambdam0p75000,-0.75,right,7.2689127167523235,0.014198268424956601,False,right,48,0,5.054596865341462,4.383702357179121,0.0,-0.09789205141652861,2.625282093109278e-05,0.023382448337854998,0.017598558515758735,0.09268079763962483,-0.023594059960998948,288,-21.923193892390543,/home/carus/Program/Dexterous_Manipulation/Dex_diffuse/docs/experiment_reviews/20260927_direction_threshold/runs/native_n48_lambdam0p75000/rollout.mp4,46.10006615193561
-3.535969557219488,-12.4826692443161,0.00032454588569158494,0.0006736516952514648,0.0025572669269209314,0.0008699158124040713,0.0004893174068524063,0.047383686297509386,0.035377509020727935,0.018084393638124953,0.005081276570607405,,True,native_n48_lambdam0p62500,-0.625,right,7.155907143773913,0.015951192464117615,False,right,48,0,12.871863936056261,4.28611426587774,0.0,-0.035664062136621974,1.778094109108189e-05,0.019302728912447904,0.013620883450126704,0.08415601153008553,-0.014414127734568183,288,-11.907324240653622,/home/carus/Program/Dexterous_Manipulation/Dex_diffuse/docs/experiment_reviews/20260927_direction_threshold/runs/native_n48_lambdam0p62500/rollout.mp4,50.60745232598856
-0.8001382521887592,-0.6075060362608724,0.00030971109187063166,0.0007814764976501465,0.00249322128363616,0.0008633832885215134,0.0004545510714747839,0.039786858343832485,0.032956189515164144,0.016275955859140923,0.004573153953963197,,True,native_n48_lambdam0p56250,-0.5625,small,7.12360694577689,0.01629715220163001,False,small,48,0,9.312379347830854,2.2860518943662353,0.0,-0.024138157640619405,1.708666832587564e-05,0.01742302820174073,0.012781136356886358,0.07647806610425781,-0.014285885150485456,288,-0.03216103259839542,/home/carus/Program/Dexterous_Manipulation/Dex_diffuse/docs/experiment_reviews/20260927_direction_threshold/runs/native_n48_lambdam0p56250/rollout.mp4,45.81503675412387
1.5170495343139692,2.4182225903924746,0.0002814670656601493,0.0006162524223327637,0.002473540591168444,0.0008188858145583927,0.00043091471011435053,0.042598898516270724,0.03229194827006364,0.01582384539621799,0.004446121926418764,,True,native_n48_lambdam0p54688,-0.546875,left,7.771989919001439,0.015083243883481484,False,small,48,0,6.70065378636048,2.1294371039763633,0.0,0.029753966928177278,1.5913558018483355e-05,0.018843954478148416,0.012613941308616473,0.07142485760121017,-0.013461590380700272,288,2.9935675940549515,/home/carus/Program/Dexterous_Manipulation/Dex_diffuse/docs/experiment_reviews/20260927_direction_threshold/runs/native_n48_lambdam0p54688/rollout.mp4,31.48723531793803
6.704799389982043,10.54536808759957,0.0003014904809186224,0.000689774751663208,0.0023133152926035905,0.0008308551684422219,0.0004193494818280968,0.039270447431597875,0.031372223021079136,0.015371735315657184,0.0043190840179076345,,True,native_n48_lambdam0p53125,-0.53125,left,7.687159047780111,0.01309782858397049,False,left,48,0,8.46729874625299,2.5760708469328986,0.0,0.12412560834397943,1.649889844263927e-05,0.016052915640767013,0.011875218549005964,0.07733908227125214,-0.015748197937256236,288,11.120713091262047,/home/carus/Program/Dexterous_Manipulation/Dex_diffuse/docs/experiment_reviews/20260927_direction_threshold/runs/native_n48_lambdam0p53125/rollout.mp4,45.60933507885784
9.079603028071944,12.347982178158247,0.0002752463540001861,0.000651240348815918,0.002209463502971687,0.0007573092220814167,0.0003963269691867788,0.04014043036215498,0.03133697905993575,0.014467516605811892,0.004065021876838009,,True,native_n48_lambdam0p50000,-0.5,left,14.003209620789434,0.015013543734207399,False,left,48,0,21.786535410606234,2.9933627959108478,0.0,-0.06038730795201198,1.556918912711902e-05,0.016056712087400896,0.011786183009736578,0.07508077203530755,-0.01265903408531699,288,12.923327181820724,/home/carus/Program/Dexterous_Manipulation/Dex_diffuse/docs/experiment_reviews/20260927_direction_threshold/runs/native_n48_lambdam0p50000/rollout.mp4,44.573579927906394
5.846895718397207,22.03388764643165,0.00013682681330076096,0.0003351867198944092,0.0011266918461885211,0.0004335064135337765,0.00020480813288689263,0.021866122933042225,0.016091903674795172,0.007233756460168668,0.002032509462074123,,True,native_n48_lambdam0p25000,-0.25,left,8.149538685302547,0.009916725443332238,False,left,48,0,8.321042567175446,2.670178245696613,0.0,0.09869443347542853,8.394774429756605e-06,0.007866219293717358,0.0065426411358647935,0.030372107116201915,-0.00787040953940732,288,22.60923265009413,/home/carus/Program/Dexterous_Manipulation/Dex_diffuse/docs/experiment_reviews/20260927_direction_threshold/runs/native_n48_lambdam0p25000/rollout.mp4,47.69783731875941
13.993608120342174,20.819877681002936,8.357088500103143e-05,0.0001989901065826416,0.0006112133700284517,0.00022572060737890707,0.00011242400500376842,0.012018073098020686,0.008611950919850201,0.0036168766802189716,0.0010162558026954485,,True,native_n48_lambdam0p12500,-0.125,left,10.065668595725553,0.010741981040129555,False,left,48,0,15.44305763436032,4.2200701630922515,0.0,0.3400880245822797,5.9258853358705256e-06,0.00495027026195882,0.003750681101379878,0.03238036888522549,-0.006078388672762003,288,21.395222684665413,/home/carus/Program/Dexterous_Manipulation/Dex_diffuse/docs/experiment_reviews/20260927_direction_threshold/runs/native_n48_lambdam0p12500/rollout.mp4,51.97822956368327
1.3614995462113484,14.540628666950113,0.0,0.0,0.0,0.0,0.0,0.0,0.0,0.0,0.0,,True,native_n48_lambdap0p00000,0.0,left,12.61750089798593,0.012926555948023737,False,left,48,0,9.267247674666503,2.304437969180097,0.0,0.21584584981200577,0.0,0.0,0.0,0.0,0.0,288,15.11597367061259,/home/carus/Program/Dexterous_Manipulation/Dex_diffuse/docs/experiment_reviews/20260927_direction_threshold/runs/native_n48_lambdap0p00000/rollout.mp4,27.380043789744377
-0.35960494167099455,10.96245211225829,6.539866429685557e-05,0.0001242607831954956,0.0006906032820168662,0.0002571420667541633,0.00010843747770707319,0.008615534161894067,0.006470660055026471,0.0036168821099478274,0.0010162533417444268,,True,native_n48_lambdap0p12500,0.125,small,11.48798287217566,0.010907110910234372,False,left,48,0,12.964456795482349,4.135853127703747,0.0,0.20050885241495822,4.368282081100896e-06,0.004318448637212897,0.0023472247622681928,0.013467050029207181,0.0009193096300634807,288,11.537797115920768,/home/carus/Program/Dexterous_Manipulation/Dex_diffuse/docs/experiment_reviews/20260927_direction_threshold/runs/native_n48_lambdap0p12500/rollout.mp4,45.99711837666109
5.5269973195719615,30.92374795741648,0.00012841822229060898,0.0002760887145996094,0.0010202826784393437,0.00039619699773934755,0.00020849953260115433,0.01636537718986572,0.010151844837197728,0.0072337616467146185,0.002032510186794676,,True,native_n48_lambdap0p25000,0.25,left,9.64937959226479,0.010950593896467556,False,left,48,0,4.555663506727312,4.115036596637518,0.0,0.23068566567644147,5.031301940963699e-06,0.005508263434849658,0.0031496512137100933,0.04000829529325786,-4.855297078165677e-06,288,31.499092961078958,/home/carus/Program/Dexterous_Manipulation/Dex_diffuse/docs/experiment_reviews/20260927_direction_threshold/runs/native_n48_lambdap0p25000/rollout.mp4,46.19785153772682
-18.28938485090947,13.918399263877347,0.00026247792621264207,0.0005368441343307495,0.002421837077058342,0.0008051865411251663,0.0004220354813784709,0.030411107525972692,0.02213115839463798,0.01446751895489462,0.004065021541051961,,True,native_n48_lambdap0p50000,0.5,right,15.539270845617672,0.01924045336827731,False,left,48,0,2.527685781261111,1.470721694124209,0.0,0.16824748514847623,9.562625164721197e-06,0.01383315728130476,0.007861958891500468,0.0739670238970942,0.006131105978880669,288,14.493744267539824,/home/carus/Program/Dexterous_Manipulation/Dex_diffuse/docs/experiment_reviews/20260927_direction_threshold/runs/native_n48_lambdap0p50000/rollout.mp4,50.21889950009063
6.964566219365395,93.45137385749638,0.0005074187949679109,0.0010875165462493896,0.0049195059748115,0.001658829213156812,0.0008456666270421939,0.06993394530516796,0.0510349752562194,0.02893503384227671,0.0081300399649981,0.0,True,native_n48_lambdap1p00000,1.0,left,20.885368408933108,0.028301522676730292,False,left,48,0,9.70301804159042,0.9940446647273881,0.0,0.4428790805446732,2.176397192082684e-05,0.02818849913309934,0.018637275404534737,0.15630543548174183,0.015930380149796974,288,94.02671886115886,/home/carus/Program/Dexterous_Manipulation/Dex_diffuse/docs/experiment_reviews/20260927_direction_threshold/runs/native_n48_lambdap1p00000/rollout.mp4,26.592588904313743
4.474187008773811,-6.9237764572606295,0.0005495217820136644,0.001130133867263794,0.006056983285233741,0.0020286684606455325,0.0007792257533907957,0.08944557899317213,0.05487874868111582,0.027855574798091295,0.007826737858551144,,True,native_n49_lambdam1p00000,-1.0,left,11.356238180620483,0.02756958090170451,False,right,49,0,48.30094398545116,4.247860091217622,0.0,0.045034471105760754,0.0006419788358093281,0.13331855576730492,0.05952108511113395,0.6020108676919965,-0.030467903680516883,288,-6.586408949848618,/home/carus/Program/Dexterous_Manipulation/Dex_diffuse/docs/experiment_reviews/20260927_direction_threshold/runs/native_n49_lambdam1p00000/rollout.mp4,39.91067165788263
-4.6431305126554605,-8.928901569463989,0.0002664003462679294,0.0005790889263153076,0.002680799409020551,0.0009262443855854539,0.00038557867752109644,0.03885185508037575,0.024981605794127813,0.013927788628998026,0.003913372056599931,,True,native_n49_lambdam0p50000,-0.5,right,12.716169274854927,0.032796147314451234,False,right,49,0,17.686102795856687,4.239819508099136,0.0,0.17848636993626865,0.0006257747223137886,0.11224268321725742,0.057020646339371886,0.6066675493072745,-0.014164405121988466,288,-8.591534062051977,/home/carus/Program/Dexterous_Manipulation/Dex_diffuse/docs/experiment_reviews/20260927_direction_threshold/runs/native_n49_lambdam0p50000/rollout.mp4,47.996578568127006
0.3219222414582248,6.6696352869588225,0.00013836119801253076,0.00027555227279663086,0.0011076782958383546,0.0004893865503748618,0.00019856231178823211,0.02040272652674272,0.01371068114602487,0.0069638937018828735,0.0019566825522316297,,True,native_n49_lambdam0p25000,-0.25,small,7.7225071178556846,0.01470060442889691,False,left,49,0,11.180639750210716,1.5925691826418595,0.0,0.1424064528665803,9.130964704605715e-06,0.007604629785432281,0.005688084316932258,0.02425377448754383,-0.0067525637800258664,288,7.007002794370834,/home/carus/Program/Dexterous_Manipulation/Dex_diffuse/docs/experiment_reviews/20260927_direction_threshold/runs/native_n49_lambdam0p25000/rollout.mp4,51.63972753705457
-4.610222828695129,-5.4868852170135085,7.631486112954914e-05,0.000194549560546875,0.0006691887190299894,0.00023109491622590726,9.882432205964637e-05,0.020996823199589437,0.008189552690002525,0.0034819466539788508,0.000978342043478842,,True,native_n49_lambdam0p12500,-0.125,right,8.14676824910362,0.013848205323693612,False,right,49,0,8.354215673951899,0.8182095856966857,0.0,0.20332972274059427,3.3397582745621536e-06,0.0066415981587938915,0.0031242521629903266,0.0149670529766657,-0.003363995528303576,288,-5.149517709601497,/home/carus/Program/Dexterous_Manipulation/Dex_diffuse/docs/experiment_reviews/20260927_direction_threshold/runs/native_n49_lambdam0p12500/rollout.mp4,52.380706960335374
1.5917864891316356,2.399664236863913,0.0,0.0,0.0,0.0,0.0,0.0,0.0,0.0,0.0,,True,native_n49_lambdap0p00000,0.0,left,8.137277679563052,0.012287196369106747,False,small,49,0,4.928100286475346,0.9292467346665706,0.0,-0.08325680315179204,0.0,0.0,0.0,0.0,0.0,288,2.7370317442759244,/home/carus/Program/Dexterous_Manipulation/Dex_diffuse/docs/experiment_reviews/20260927_direction_threshold/runs/native_n49_lambdap0p00000/rollout.mp4,45.554716791026294
2.2733879714393765,8.29978568075174,7.352453397716386e-05,0.00016644224524497986,0.0008739561739901092,0.0003217604013194063,0.00011370710461052631,0.012526837548578003,0.007983814780907499,0.0034819500284428936,0.0009783473963915859,,True,native_n49_lambdap0p12500,0.125,left,7.583636465500352,0.01118881339318686,False,left,49,0,6.804157859231433,1.3040956614614314,0.0,0.054170160719834194,5.6500244806584385e-06,0.005462323577196817,0.003216143165269826,0.013452689915231205,0.0030965875308481827,288,8.63715318816375,/home/carus/Program/Dexterous_Manipulation/Dex_diffuse/docs/experiment_reviews/20260927_direction_threshold/runs/native_n49_lambdap0p12500/rollout.mp4,45.97275262977928
0.7108417277660806,16.865105918369437,0.00014948761881234857,0.0003145933151245117,0.0015012161172194283,0.0005540614785706882,0.00022358305373622954,0.02579047881788989,0.016936595742301348,0.006963894054919482,0.001956690752998103,,True,native_n49_lambdap0p25000,0.25,small,10.000050082933349,0.008573835100360354,False,left,49,0,10.864592523139807,1.5636141110468875,0.0,0.1401976971890918,1.0315519237038718e-05,0.008936390640747601,0.006248601507264793,0.025657137584839493,0.006142926106122104,288,17.20247342578145,/home/carus/Program/Dexterous_Manipulation/Dex_diffuse/docs/experiment_reviews/20260927_direction_threshold/runs/native_n49_lambdap0p25000/rollout.mp4,52.35403978312388
-0.5366435619736762,12.771016505827731,0.0002810651464550781,0.000594794750213623,0.0023596816697732947,0.0010331199824368828,0.00040858262225150173,0.05085203626575169,0.03204448602401646,0.0139277896586251,0.0039133715469364,,True,native_n49_lambdap0p50000,0.5,small,9.679159370506241,0.01659624686966432,False,left,49,0,1.8386630669012236,0.8537086167331875,0.0,0.17455679173330305,2.0544755878711184e-05,0.017769687830447765,0.013068632353917933,0.05035760693146081,0.014903937989998894,288,13.108384013239743,/home/carus/Program/Dexterous_Manipulation/Dex_diffuse/docs/experiment_reviews/20260927_direction_threshold/runs/native_n49_lambdap0p50000/rollout.mp4,40.40359052782878
20.782189796856443,32.63499591122098,0.0005366844330960886,0.0009668469429016113,0.004611397506856463,0.0018259728336473269,0.0007899832292773291,0.08837839971416403,0.05951867847935903,0.02785557844565389,0.007826740158183909,,True,native_n49_lambdap1p00000,1.0,left,29.273475309468097,0.01777188351050096,False,left,49,0,6.101709709457957,0.8455758326693699,0.0,0.40496457807474584,0.0006797506529366882,0.07899989270404768,0.03917000891287467,1.6240253918544527,-0.047100162180612415,288,32.972363418632995,/home/carus/Program/Dexterous_Manipulation/Dex_diffuse/docs/experiment_reviews/20260927_direction_threshold/runs/native_n49_lambdap1p00000/rollout.mp4,47.879729656968266
7.666205094757231,0.014602876564424605,0.00047228352149824795,0.0008525699377059937,0.005847500660323135,0.0019357605927562609,0.0008222572875635103,0.07111762686504815,0.052951841216329024,0.027716812344680965,0.00778774939311901,,True,native_n50_lambdam1p00000,-1.0,left,14.876453853382325,0.014426547596108709,False,small,50,0,5.390394136292708,5.390394136292708,0.0,0.4264783602509369,7.005068701783274e-05,0.034570690539520076,0.01998559462528991,0.13959632413118556,-0.025567866710701992,288,0.37497667414518787,/home/carus/Program/Dexterous_Manipulation/Dex_diffuse/docs/experiment_reviews/20260927_direction_threshold/runs/native_n50_lambdam1p00000/rollout.mp4,39.826537874061614
-1.1645533446668423,-6.782938463767408,0.0002559939589351648,0.0005622804164886475,0.003226299280470357,0.0010562769521112881,0.00042837679367366895,0.0397673777591087,0.025652154588224303,0.013858407854843584,0.003893875913590939,,True,native_n50_lambdam0p50000,-0.5,right,14.912667601057882,0.01823033318944232,False,right,50,0,21.70320332626966,6.067221850282719,0.0,0.093633358706773,3.573677335380582e-05,0.01937816459478645,0.010522534777751115,0.06688934894655063,-0.01171184462873498,288,-6.422564666186645,/home/carus/Program/Dexterous_Manipulation/Dex_diffuse/docs/experiment_reviews/20260927_direction_threshold/runs/native_n50_lambdam0p50000/rollout.mp4,47.9578265203163
5.320603615504496,3.312625123540869,0.00012896212158802574,0.00023353099822998047,0.0016513991216413615,0.0005553845561742316,0.00022001223235934442,0.019889386963330386,0.013629598281555955,0.006929205290173707,0.0019469428017552185,,True,native_n50_lambdam0p25000,-0.25,left,11.47526521123929,0.017036939043297176,False,small,50,0,5.383842580661141,5.370999222784726,0.0,0.04204101443769073,1.9714609813396765e-05,0.009929529835696626,0.005607672014022595,0.03529703235907059,-0.006699196770171056,288,3.672998921121632,/home/carus/Program/Dexterous_Manipulation/Dex_diffuse/docs/experiment_reviews/20260927_direction_threshold/runs/native_n50_lambdam0p25000/rollout.mp4,50.53089362708852
3.2167540179633534,-3.208254354638882,8.929769693725421e-05,0.00019547343254089355,0.0009968416100036848,0.00037109561684919417,0.00012807059928328233,0.011596691825213784,0.008006780788422933,0.0034646012696079188,0.0009734716054848653,,True,native_n50_lambdam0p12500,-0.125,left,12.21353950071075,0.01863812295675927,False,small,50,0,12.741589936854918,4.672433960937364,0.0,0.12771894411856288,1.2475678276385756e-05,0.005034442668080752,0.003178359981968657,0.039480386665475174,-0.0040485121955669,288,-2.8478805570581187,/home/carus/Program/Dexterous_Manipulation/Dex_diffuse/docs/experiment_reviews/20260927_direction_threshold/runs/native_n50_lambdam0p12500/rollout.mp4,48.26779056992382
2.945373061455115,20.030049338379513,0.0,0.0,0.0,0.0,0.0,0.0,0.0,0.0,0.0,,True,native_n50_lambdap0p00000,0.0,left,12.164857667572774,0.018281154093927325,False,left,50,0,15.894717225523781,4.87361844222593,0.0,0.29965260843296626,0.0,0.0,0.0,0.0,0.0,288,20.390423135960276,/home/carus/Program/Dexterous_Manipulation/Dex_diffuse/docs/experiment_reviews/20260927_direction_threshold/runs/native_n50_lambdap0p00000/rollout.mp4,42.813790098764
4.560295228866153,26.30826466655421,8.474148456094223e-05,0.00022971630096435547,0.0008374857382307255,0.0002972202958704087,0.0001242471337986802,0.011670179753352737,0.007769796863462538,0.0034645976579776518,0.0009734627928981376,,True,native_n50_lambdap0p12500,0.125,left,12.860624856886915,0.018305398102036956,False,left,50,0,8.568337621720584,5.99649563371457,0.0,0.33414246766701433,8.610905658574952e-06,0.004933630778586776,0.0024767230055045553,0.02511848592922433,0.003121390937025126,288,26.668638464134972,/home/carus/Program/Dexterous_Manipulation/Dex_diffuse/docs/experiment_reviews/20260927_direction_threshold/runs/native_n50_lambdap0p12500/rollout.mp4,38.15389601700008
-2.4036003308252702,27.044449375638067,0.00015114086700574478,0.0004285275936126709,0.00185621175172912,0.0005300955691924471,0.00022996731335337892,0.022118086038275104,0.014101247554818865,0.0069292003946451915,0.0019469360844452531,,True,native_n50_lambdap0p25000,0.25,right,11.838990913819861,0.01873263770723517,False,left,50,0,1.324094962304453,0.9016481233143757,0.0,0.3624197310183285,1.924973630956751e-05,0.011061426429440248,0.005257011375950248,0.037464163550320694,0.006839981555856411,288,27.40482317321883,/home/carus/Program/Dexterous_Manipulation/Dex_diffuse/docs/experiment_reviews/20260927_direction_threshold/runs/native_n50_lambdap0p25000/rollout.mp4,46.65820885403082
2.002433088375568,24.57332382189216,0.00028115477127430054,0.0005885958671569824,0.003642818342527221,0.0010632659495760052,0.00045596053471642196,0.044412861112158274,0.027945081052249843,0.013858403811325868,0.003893874310307993,,True,native_n50_lambdap0p50000,0.5,left,13.15740700025172,0.01975946346799332,False,left,50,0,3.2098742508440004,0.9697250697631323,0.0,0.25064371205372366,3.8396653409536794e-05,0.021584084611590726,0.010335918587360653,0.0942986413795742,0.012354060084021512,288,24.933697619472923,/home/carus/Program/Dexterous_Manipulation/Dex_diffuse/docs/experiment_reviews/20260927_direction_threshold/runs/native_n50_lambdap0p50000/rollout.mp4,45.512884598691016
5.001732257556455,70.71826446417981,0.0005840505759982879,0.0011637508869171143,0.007033234583914805,0.002282087693136485,0.0009401736117198636,0.08766737842879702,0.06113563571459666,0.0277168085543516,0.007787744810184137,,True,native_n50_lambdap1p00000,1.0,left,48.98503941551633,0.19593111921638168,True,failure,50,0,45.83853530883851,0.0,0.0,0.7635587669518387,7.743436372505667e-05,0.041764189705507625,0.022616486413106436,0.16097843401100384,0.026644893720089158,266,71.07863826176057,/home/carus/Program/Dexterous_Manipulation/Dex_diffuse/docs/experiment_reviews/20260927_direction_threshold/runs/native_n50_lambdap1p00000/rollout.mp4,37.61881301505491
