id,candidate_release_frame,nominal_seconds,max_joint_step,frames_from_transition_to_end
id_0,450,15.0,1.397794485092163,111
id_1,500,16.666666666666668,1.4591484069824219,87
id_2,464,15.466666666666667,1.3973000049591064,130
id_3,502,16.733333333333334,1.3596673011779785,124
id_4,578,19.266666666666666,1.3477139472961426,102
id_5,541,18.033333333333335,1.278879165649414,116
id_6,569,18.966666666666665,1.542663335800171,113
id_7,495,16.5,1.2628304958343506,98
id_8,525,17.5,1.4115524291992188,104
id_9,564,18.8,1.393287181854248,95
id_10,537,17.9,1.3270084857940674,113
id_11,555,18.5,1.3973000049591064,96
id_12,493,16.433333333333334,1.5662105083465576,102
id_13,565,18.833333333333332,1.3973000049591064,96
id_14,442,14.733333333333333,1.3973000049591064,101
id_15,718,23.933333333333334,1.3973000049591064,85
id_16,520,17.333333333333332,1.3517844676971436,83
id_17,491,16.366666666666667,1.3973000049591064,119
id_18,491,16.366666666666667,1.6301672458648682,127
id_19,561,18.7,1.453538417816162,109
id_20,511,17.033333333333335,1.4504142999649048,113
id_21,560,18.666666666666668,1.516167163848877,99
id_22,557,18.566666666666666,1.397299885749817,88
id_23,530,17.666666666666668,1.5273696184158325,90
id_24,514,17.133333333333333,1.3360130786895752,90
id_25,610,20.333333333333332,1.3169713020324707,87
id_26,520,17.333333333333332,1.6157745122909546,92
id_27,517,17.233333333333334,1.519370198249817,100
id_28,540,18.0,1.5243266820907593,102
id_29,568,18.933333333333334,1.2165884971618652,91
id_30,555,18.5,1.3972972631454468,101
id_31,761,25.366666666666667,1.3972997665405273,97
id_32,780,26.0,1.3973000049591064,85
id_33,614,20.466666666666665,1.569883942604065,79
id_34,728,24.266666666666666,1.5311142206192017,98
id_35,869,28.966666666666665,1.39729905128479,85
id_37,560,18.666666666666668,1.386530876159668,91
id_38,589,19.633333333333333,1.3973000049591064,73
id_39,574,19.133333333333333,1.3973000049591064,88
id_40,665,22.166666666666668,1.1443939208984375,83
id_41,440,14.666666666666666,1.3972909450531006,94
id_42,588,19.6,1.3973000049591064,93
id_43,517,17.233333333333334,1.3930318355560303,90
id_44,597,19.9,1.367491602897644,100
id_45,555,18.5,1.3973000049591064,91
id_46,572,19.066666666666666,1.4708648920059204,80
id_47,370,12.333333333333334,1.2277501821517944,93
id_48,535,17.833333333333332,1.3150596618652344,107
id_49,607,20.233333333333334,1.2054871320724487,99
id_50,591,19.7,1.3267290592193604,97
id_51,500,16.666666666666668,1.438924789428711,94
id_52,578,19.266666666666666,1.3800948858261108,99
id_53,594,19.8,1.3968865871429443,105
id_54,650,21.666666666666668,1.3971948623657227,98
id_55,532,17.733333333333334,1.3972997665405273,95
id_56,619,20.633333333333333,1.3972996473312378,90
id_57,494,16.466666666666665,1.2236740589141846,91
id_58,552,18.4,1.5812820196151733,111
id_59,497,16.566666666666666,1.3973000049591064,112
id_60,501,16.7,1.3973000049591064,102
id_61,480,16.0,1.3972996473312378,93
id_62,479,15.966666666666667,1.3973000049591064,86
id_63,483,16.1,1.3973000049591064,105
id_64,529,17.633333333333333,1.3973000049591064,110
id_65,539,17.966666666666665,1.2672483921051025,96
id_66,460,15.333333333333334,1.3973000049591064,91
id_67,464,15.466666666666667,1.3973000049591064,95
id_68,561,18.7,1.3973000049591064,117
id_69,558,18.6,1.3973000049591064,110
id_70,511,17.033333333333335,1.3973000049591064,101
id_71,530,17.666666666666668,1.434073805809021,105
id_72,580,19.333333333333332,1.3929904699325562,106
id_73,663,22.1,1.5079345703125,115
id_74,487,16.233333333333334,1.3973000049591064,107
id_75,577,19.233333333333334,1.3973000049591064,100
