field,dim,min,p01,p05,median,p95,p99,max,mean,std,n,nonfinite
state,0,0.07830699533224106,0.09029867604374886,0.12093593999743461,0.18877950310707092,0.22218489944934844,0.23331672236323356,0.24811826646327972,0.18153541481302415,0.03163829244506566,48894,0
state,1,0.24123156070709229,0.2526673525571823,0.26094668805599214,0.3105441927909851,0.40974278301000594,0.45557209879159927,0.5006688237190247,0.3281537143218472,0.057099332278698504,48894,0
state,2,0.3554408550262451,0.36829607367515566,0.38288542330265046,0.5288262367248535,0.5860241740942002,0.6196324843168258,0.6484790444374084,0.510080746865962,0.0561555933549379,48894,0
state,3,-0.35359442234039307,-0.269703468978405,-0.21161084696650506,0.06663520634174347,0.3327227458357811,0.3738705563545227,0.42663493752479553,0.06795156324933514,0.18425609021247796,48894,0
state,4,0.853920578956604,0.9033305841684341,0.925599780678749,0.9688630104064941,0.9979570597410202,0.9995465809106827,0.9999988675117493,0.9665145903987895,0.02343577066277854,48894,0
state,5,-0.5200649499893188,-0.4049314895272255,-0.3292948454618454,-0.08789822831749916,0.1186834815889597,0.21539451196789738,0.4081888198852539,-0.0944827617896158,0.1334376157790657,48894,0
state,6,-0.3609318733215332,-0.2977795767784119,-0.23009567856788635,-0.042788174003362656,0.38631488233804695,0.4531096675992012,0.547109842300415,0.007617437116822735,0.1857956613362285,48894,0
state,7,-0.40802159905433655,-0.20526189789175986,-0.10576603561639786,0.11250800266861916,0.3452927753329274,0.4193364834785461,0.4986598789691925,0.11563010026427863,0.1346841080024961,48894,0
state,8,0.811291515827179,0.8639927434921265,0.8948591649532318,0.9784124493598938,0.9989220112562179,0.9996329033374787,0.9999989867210388,0.9657897129219071,0.03408882694491692,48894,0
state,9,-0.20186340808868408,-0.11563092902302742,0.07374836504459381,0.5487801134586334,0.8054580092430115,0.8802329421043396,1.1974939107894897,0.521679693586469,0.22019616253194618,48894,0
state,10,-0.3345874547958374,-0.31565978735685346,-0.3136848986148834,-0.19921179115772247,-0.03606044370681048,0.016206263229250895,0.14120186865329742,-0.19339047155014383,0.08948306856425729,48894,0
state,11,-0.004327794536948204,0.003553758931811899,0.0037009273655712605,0.2682932913303375,0.984678789973259,1.1795655286312101,1.4762210845947266,0.3213569876878996,0.3002639114134627,48894,0
state,12,0.0008061428088694811,0.0009050261578522623,0.0011682641750667244,1.2991151213645935,1.312195783853531,1.3210674786567689,1.3358137607574463,0.8620602436306333,0.5588961483215763,48894,0
state,13,-0.188968226313591,-0.17273637443780898,-0.108325807005167,0.3454052060842514,0.7642200231552124,0.8919371765851974,1.1455655097961426,0.36441647084296047,0.27104445907258834,48894,0
state,14,-0.310750275850296,-0.1972702896595001,-0.12876160740852355,0.07071341574192047,0.2529186218976974,0.3138142707943916,0.3208986818790436,0.06829124809219085,0.1175858350829051,48894,0
state,15,0.0009151267586275935,0.003062728373333812,0.0066927289590239525,0.4737250804901123,1.3087844431400297,1.5054920828342437,1.6650694608688354,0.5329030166516961,0.4646214930054077,48894,0
state,16,0.00017470862076152116,0.0009081300813704729,0.0031870577484369284,0.6132523417472839,1.31206316947937,1.3221040606498717,1.3344430923461914,0.720429728156756,0.46317547058696307,48894,0
state,17,-0.001815310912206769,0.007043962832540274,0.00757485581561923,0.14700540155172348,0.26647350937128067,0.28388452768325806,0.32074809074401855,0.1364786305155399,0.09984376116263062,48894,0
state,18,-0.009577802382409573,0.5835487204790115,1.0012218713760377,1.2956217527389526,1.4675099015235902,1.4734898483753205,1.4902549982070923,1.272902466214265,0.19727490057338234,48894,0
state,19,-0.16455329954624176,-0.06198070023208856,0.00024889574851840834,0.202309750020504,0.3146765142679214,0.3162213280797005,0.3238125145435333,0.18799889680156054,0.11214448628896688,48894,0
state,20,-0.000859814987052232,0.0027326159179210663,0.002792891813442111,0.005795684643089771,0.20391612201929088,0.34616017520427705,0.7173569202423096,0.04354666225029403,0.07617640341934521,48894,0
state,21,0.0008500416879542172,0.0009023656020872295,0.0011914772912859917,1.30739164352417,1.3081513345241547,1.3098282539844512,1.3134222030639648,0.931820750883911,0.5396547195124489,48894,0
state,22,-0.1786549687385559,-0.17030731782317163,-0.07469987124204636,0.42146386206150055,0.8691384792327881,1.0265300261974335,1.284136176109314,0.43407802122707484,0.3138400379210077,48894,0
state,23,-0.2512839436531067,-0.10457022495567798,-0.027944481000304222,0.23148741573095322,0.3143802106380463,0.3161510303616524,0.35824137926101685,0.19614515148277745,0.11630099809794558,48894,0
state,24,0.0011289281537756324,0.0036225689109414816,0.007046582642942667,0.8308916687965393,1.5047858357429504,1.6148155689239503,1.6652991771697998,0.7391057078864596,0.5597856041118077,48894,0
state,25,-0.0006159144104458392,0.0007355454855132848,0.0014252721157390626,0.3374590128660202,1.3076128780841827,1.3100708198547364,1.3292039632797241,0.48862762892312367,0.41725570842371157,48894,0
state,26,-0.0013489349512383342,0.1773323656618595,0.327705791592598,0.9396208226680756,1.3364781260490417,1.4219208216667174,1.551235318183899,0.8980288631372392,0.2998630291777392,48894,0
state,27,-0.3254934549331665,-0.3115449085831642,-0.23531050831079484,-0.036210546270012856,0.12651750221848487,0.13224194601178169,0.1454446017742157,-0.036839464637282264,0.1124228538619977,48894,0
state,28,-0.4408118724822998,-0.43731270015239715,-0.4351823478937149,0.08944928646087646,0.9992210477590561,1.1522000443935394,1.3107118606567383,0.16248614779513482,0.45097856452946206,48894,0
state,29,-0.4253629744052887,-0.3786314281821251,-0.3207051545381546,-0.31380486488342285,0.2622548595070839,0.31411164969205857,0.3161652386188507,-0.18725895703583517,0.20834445814794011,48894,0
state,30,0.0001865000813268125,0.0028194840997457504,0.002860613167285919,0.0031254717614501715,0.29811341911554334,1.1530980706214904,1.660934567451477,0.07225153293209798,0.17683089424478582,48894,0
actions,0,0.07860133051872253,0.09270703405141831,0.12321176528930665,0.18847791850566864,0.224557027220726,0.23541591808199883,0.24880172312259674,0.18216722252580117,0.0319312196861611,48894,0
actions,1,0.2333497703075409,0.25037213891744614,0.25921861082315445,0.31152230501174927,0.4232501238584518,0.46409832149744035,0.5063309669494629,0.3293000733276503,0.05974904824461652,48894,0
actions,2,0.3347826898097992,0.36042906641960143,0.38189833611249924,0.5247309803962708,0.5897282421588897,0.6322886800765991,0.6736559867858887,0.5103694766829359,0.05682771132157659,48894,0
actions,3,-0.36110931634902954,-0.2735962459445,-0.21443426236510277,0.06323490664362907,0.3447720944881439,0.38571349561214446,0.460621178150177,0.06834003108935982,0.1885158481230614,48894,0
actions,4,0.8524284958839417,0.9027400952577591,0.9221946597099304,0.9677257835865021,0.9981354504823685,0.9995835161209107,0.999998927116394,0.9652914399749034,0.02449619247369755,48894,0
actions,5,-0.5224990248680115,-0.40668446391820906,-0.33013917207717897,-0.08944988250732422,0.12802547216415405,0.23529038712382305,0.42544907331466675,-0.09499021488855852,0.13557524292177142,48894,0
actions,6,-0.37333983182907104,-0.3068353387713432,-0.23858027309179305,-0.030823941342532635,0.39032589495182035,0.46095386296510693,0.5817511677742004,0.01022796595638903,0.1864408469408387,48894,0
actions,7,-0.42543303966522217,-0.22653497144579887,-0.11734420396387577,0.11401371285319328,0.34584481865167616,0.4193076655268669,0.4947611093521118,0.11496143626046315,0.13790393220886663,48894,0
actions,8,0.8020209670066833,0.8608815044164657,0.8934973359107972,0.9780416488647461,0.9990114867687225,0.9997519850730896,0.9999993443489075,0.9652401912518112,0.034827376068768116,48894,0
actions,9,-0.1745329350233078,-0.12801795646548272,0.15263645946979523,0.5515364408493042,0.8221780627965927,0.9245309817790984,1.5717999935150146,0.5360392304021336,0.2188933127587469,48894,0
actions,10,-0.35010001063346863,-0.3490999937057495,-0.3490999937057495,-0.1950991302728653,-0.027525795157998856,0.04403498925268649,0.24539709091186523,-0.19869187244226424,0.10521711018074573,48894,0
actions,11,-0.0010000000474974513,-0.0010000000474974513,-0.0009995879197958856,0.26688702404499054,1.0176474928855894,1.2282638335227964,1.506811499595642,0.32441366416146283,0.31128609733540874,48894,0
actions,12,-0.0010000000474974513,-0.0010000000474974513,-0.000999992829747498,1.3885403275489807,1.396299958229065,1.396299958229065,1.396299958229065,0.906907471154691,0.604860490654435,48894,0
actions,13,-0.1745329350233078,-0.1745329350233078,-0.11133223474025726,0.3671375513076782,0.7842018872499465,0.9439495527744293,1.157296895980835,0.3803819004863645,0.27981575597666936,48894,0
actions,14,-0.3490999937057495,-0.21818013176321982,-0.13906594067811967,0.08208397403359413,0.26839453428983684,0.3490999937057495,0.3490999937057495,0.07672232089277115,0.1267968161701266,48894,0
actions,15,-0.0008266796357929707,0.0,0.0033390065422281624,0.4756404161453247,1.3100367844104763,1.5099362611770628,1.745300054550171,0.5307436771152,0.47005162902961245,48894,0
actions,16,0.0,0.0,0.0,0.5968084037303925,1.396299958229065,1.396299958229065,1.396299958229065,0.7402038944716579,0.4891954169566001,48894,0
actions,17,-0.0010000000474974513,-0.0010000000474974513,-0.0009999994654208422,0.17179998755455017,0.26179999113082886,0.26179999113082886,0.26279884576797485,0.14551975179271373,0.11461152931623489,48894,0
actions,18,0.5139133334159851,0.9277785557508469,1.0296014726161957,1.2895269989967346,1.5707999467849731,1.5707999467849731,1.5707999467849731,1.3045785019940168,0.18588282153308083,48894,0
actions,19,-0.1890484243631363,-0.07839617878198624,-0.010454166634008288,0.2160145714879036,0.35010001063346863,0.35010001063346863,0.35010001063346863,0.20125004035963048,0.12947275577767756,48894,0
actions,20,-0.0010000000474974513,-0.0009995676227845252,-0.0006115334253991023,0.0,0.21574190258979792,0.36628818929195406,0.877448320388794,0.04249039318061922,0.08162121495860551,48894,0
actions,21,-0.0010000000474974513,-0.0010000000474974513,-0.0009675677050836384,1.396299958229065,1.396299958229065,1.396299958229065,1.396299958229065,0.9795234815757365,0.5869709803218706,48894,0
actions,22,-0.1745329350233078,-0.1745329350233078,-0.08444378077983856,0.4401690512895584,0.8962854772806167,1.0731712591648102,1.3116461038589478,0.4490660546836494,0.3241288704190246,48894,0
actions,23,-0.3488799035549164,-0.13910374224185942,-0.042526197806000705,0.2377413734793663,0.3490999937057495,0.350098075568676,0.35010001063346863,0.2044158479399689,0.1294279972115456,48894,0
actions,24,-0.0009263813844881952,-0.0002132824604632333,0.0028590253205038607,0.8206534683704376,1.5176376104354858,1.6520052683353423,1.745300054550171,0.730578463661853,0.5686598875508942,48894,0
actions,25,-0.000926177017390728,0.0,0.0,0.3394676148891449,1.3845053076744076,1.396299958229065,1.396299958229065,0.49755400599988586,0.42739560187821485,48894,0
actions,26,-0.0008651120006106794,0.22934845089912415,0.3415024563670158,0.9410130083560944,1.3412370681762695,1.4313993453979492,1.5870834589004517,0.9058085330909994,0.291225691035137,48894,0
actions,27,-0.35010001063346863,-0.32755398213863374,-0.24050889313220977,-0.03771645575761795,0.13089999556541443,0.13089999556541443,0.13189999759197235,-0.036035758432524795,0.12090879151252602,48894,0
actions,28,-0.5246000289916992,-0.5243076682090759,-0.48834678828716277,0.0861683189868927,1.0097934007644653,1.172057867050171,1.396299958229065,0.15303484268475687,0.4685998785446558,48894,0
actions,29,-0.3500406742095947,-0.3490999937057495,-0.3490999937057495,-0.3490999937057495,0.29704014658927913,0.34988647818565366,0.35010001063346863,-0.202121008429813,0.231949143229573,48894,0
actions,30,-0.0009999893372878432,-0.0008122903306502848,0.0,0.0,0.3098011761903763,1.2013570809364316,1.745300054550171,0.07498866642109706,0.18460033136802723,48894,0
tactile_f6,0,-16.265625,-0.1328125,-0.0079345703125,-7.62939453125e-06,0.0088348388671875,0.04123138427734374,0.5283203125,-0.02185256862028901,0.37378479698411204,48894,0
tactile_f6,1,-3.873046875,-0.011597747802734374,-0.0032412528991699217,1.33514404296875e-05,0.0036246299743652316,0.05202331542968741,4.41015625,0.002047870226636247,0.07309650406754478,48894,0
tactile_f6,2,-0.1683349609375,-0.0171661376953125,-0.008056640625,-3.0517578125e-05,0.008270263671875,0.04587158203124986,8.203125,0.007362615424840539,0.12680255066786345,48894,0
tactile_f6,3,-0.115966796875,-0.0013828945159912109,-0.0004482269287109375,-9.5367431640625e-07,0.000453948974609375,0.0010014247894287107,0.00704193115234375,-0.00014858136353777704,0.0025351117141153706,48894,0
tactile_f6,4,-0.0266571044921875,-0.000666208267211914,-0.00026226043701171875,-2.1457672119140625e-06,0.0002659201622009274,0.0006609296798706053,0.037384033203125,-2.032639317440929e-05,0.0006433847186886551,48894,0
tactile_f6,5,-0.2210693359375,-0.002364406585693359,-0.0003070831298828125,4.291534423828125e-06,0.0003095507621765133,0.0009104156494140619,0.0085296630859375,-0.00028584729349042184,0.005018580671848179,48894,0
tactile_f6,6,-38.75,-26.25,-20.09921875,-2.46875,-1.4423828125,0.34334228515624865,32.75,-5.325918102525771,6.121335701875267,48894,0
tactile_f6,7,-6.44140625,-1.5503515625,0.3291015625,2.904296875,13.015625,19.359375,29.390625,3.9599975025053573,3.8826893814634817,48894,0
tactile_f6,8,-2.44921875,0.74658203125,1.1162109375,2.5009765625,20.984375,30.751093749999995,53.5625,5.491476297622352,6.778306035429115,48894,0
tactile_f6,9,-0.923828125,-0.4970703125,-0.337890625,-0.048675537109375,-0.022613525390625,-0.0166168212890625,0.037506103515625,-0.09462122463295444,0.10834742113802302,48894,0
tactile_f6,10,-0.18896484375,-0.0927862548828125,-0.050445556640625,0.00504302978515625,0.04345703125,0.08423706054687496,0.14697265625,0.0033464430177919304,0.026485220571304667,48894,0
tactile_f6,11,-0.6103515625,-0.40945800781249997,-0.3076171875,-0.03466796875,-0.0223236083984375,0.023690185546874964,0.5419921875,-0.07898479854421303,0.09498479518561366,48894,0
tactile_f6,12,-25.65625,-14.360468749999999,-9.8515625,-0.9658203125,4.966210937499994,13.016171874999998,28.3125,-1.5610512717738494,4.457150956366476,48894,0
tactile_f6,13,-3.857421875,-0.002602691650390625,0.406982421875,5.150390625,21.625,26.360468749999995,32.78125,7.300765614531623,6.5662122995277254,48894,0
tactile_f6,14,-0.3662109375,-0.0044293212890625,0.20246582031250004,3.7060546875,21.84375,28.891718749999995,47.21875,6.388505686707949,6.870586338902805,48894,0
tactile_f6,15,-0.80859375,-0.607421875,-0.434326171875,-0.07293701171875,-0.0016545772552490276,0.00164794921875,0.020416259765625,-0.1273496160540068,0.13788932057837647,48894,0
tactile_f6,16,-0.12420654296875,-0.039829711914062496,-0.0169219970703125,0.0037794113159179688,0.052398681640625,0.07293701171875,0.11419677734375,0.007951957655668834,0.020588982448420994,48894,0
tactile_f6,17,-0.44921875,-0.2467041015625,-0.1734619140625,-0.01212310791015625,0.12239685058593741,0.28932373046874993,0.47998046875,-0.01959054097859324,0.08572895017085819,48894,0
tactile_f6,18,-22.0625,-11.6953125,-3.60419921875,0.7705078125,16.739843749999977,22.79906249999999,35.09375,2.43672146081154,6.078100227245055,48894,0
tactile_f6,19,-4.89453125,-0.9824902343749999,-0.1036376953125,2.53125,16.703125,26.0625,35.625,4.061935722162305,5.312459784426956,48894,0
tactile_f6,20,-0.8017578125,-0.0669158935546875,0.01019287109375,3.298828125,22.833593749999977,34.87718749999999,57.375,5.917597864743717,7.706502492139918,48894,0
tactile_f6,21,-1.0625,-0.61865234375,-0.41259765625,-0.060333251953125,8.765757083892657e-05,0.003069190979003905,0.0616455078125,-0.10980599069027744,0.13966346524666529,48894,0
tactile_f6,22,-0.1357421875,-0.05072235107421875,-0.0247344970703125,0.0023956298828125,0.030706024169921853,0.0579833984375,0.10931396484375,0.0025285096038225098,0.01669284596883821,48894,0
tactile_f6,23,-0.365478515625,-0.194344482421875,-0.053314208984375,0.0149078369140625,0.337890625,0.42506591796874993,0.55224609375,0.05144911346423064,0.11702866309419449,48894,0
tactile_f6,24,-7.1640625,-0.6192431640625,-0.105224609375,0.3197021484375,17.46875,23.0,32.71875,3.2080386656215305,5.797463548644395,48894,0
tactile_f6,25,-3.439453125,-1.0849609375,-0.31689453125,0.0488433837890625,4.2421875,8.1875,24.28125,0.7681040382935781,1.765767967337627,48894,0
tactile_f6,26,-2.193359375,-0.353408203125,-0.06510620117187499,0.4033203125,22.375,27.15625,47.3125,4.865722161285443,7.774704645779659,48894,0
tactile_f6,27,-0.82373046875,-0.407958984375,-0.332275390625,-0.0028409957885742188,0.0032291412353515625,0.008781967163085935,0.056671142578125,-0.06720681163208195,0.11536936860481971,48894,0
tactile_f6,28,-0.2724609375,-0.1634521484375,-0.1162109375,-0.004695892333984375,0.002665233612060544,0.023305511474609353,0.085205078125,-0.02530395005623802,0.04168949687005535,48894,0
tactile_f6,29,-0.1466064453125,-0.00658905029296875,-0.002593994140625,0.0028705596923828125,0.303466796875,0.393310546875,0.52978515625,0.05131564833427707,0.0992160247984854,48894,0
