id,frames,nominal_seconds,elapsed_seconds,effective_hz,dt_p99_ms,dt_max_ms,dt_gt50ms,state_step_max,action_step_max,hand_action_step_max,xyz_tracking_error_mean,hand_tracking_error_mean,first_hand_tracking_error,force_max,tactile_age_max_ms,tactile_repeat_sensor_samples,tactile_rewind_sensor_samples,tactile_frame_id_gap_samples,tactile_any_zero_frames,state_unchanged_pairs,action_unchanged_pairs,start_time,end_time,data_bytes,errors
id_0,561,18.7,18.741327543,29.880487319542286,36.85396910999999,40.614115,0,0.006975286640226841,0.01531998161226511,1.397794485092163,0.013858957216143608,0.05093633756041527,0.37880373001098633,37.802635192871094,60.7855,19,0,113,0,0,1,2026-09-09T00:27:37.653189+08:00,2026-09-09T00:27:56.394517+08:00,391502974,
id_1,587,19.566666666666666,19.608750154,29.884617601722134,36.9347626,40.586732,0,0.005975445732474327,0.016147205606102943,1.4591484069824219,0.011540801264345646,0.06178522855043411,0.3117006719112396,40.59662628173828,64.371934,10,0,111,0,0,2,2026-09-09T00:28:19.462255+08:00,2026-09-09T00:28:39.071004+08:00,415922562,
id_2,594,19.8,19.842979141,29.88462547817381,36.57611072,40.720942,0,0.007948816753923893,0.016155483201146126,1.3973000049591064,0.01769951544702053,0.048365265130996704,0.35522884130477905,32.758792877197266,47.770551,12,0,113,0,0,6,2026-09-09T00:36:39.811945+08:00,2026-09-09T00:36:59.654923+08:00,422161112,
id_3,626,20.866666666666667,20.922169289,29.872619390791318,36.97353024,40.530485,0,0.004904135596007109,0.01183430477976799,1.3596673011779785,0.011866246350109577,0.04940018057823181,0.2577374577522278,41.85997772216797,52.701942,15,0,122,0,0,13,2026-09-09T00:37:19.789800+08:00,2026-09-09T00:37:40.711970+08:00,438677105,
id_4,680,22.666666666666668,22.753227953,29.841919634549004,36.80775842,68.959946,1,0.012850580736994743,0.016709815710783005,1.3477139472961426,0.012623284943401814,0.061403028666973114,0.29288774728775024,45.16050720214844,59.717051,18,0,137,0,0,3,2026-09-09T00:39:00.676379+08:00,2026-09-09T00:39:23.429606+08:00,466326068,
id_5,657,21.9,21.953561996,29.881255721487246,36.897231250000004,40.472093,0,0.0057218000292778015,0.011034502647817135,1.278879165649414,0.012169971130788326,0.05484234169125557,0.29170623421669006,38.32196807861328,52.459336,17,0,132,0,0,5,2026-09-09T00:39:46.778680+08:00,2026-09-09T00:40:08.732242+08:00,471783039,
id_6,682,22.733333333333334,22.797937073,29.871123769637922,36.890600200000016,43.470242,0,0.008214209228754044,0.012593677267432213,1.542663335800171,0.011612256057560444,0.05900226905941963,0.2968118488788605,46.43242645263672,63.937984,21,0,137,0,0,6,2026-09-09T00:40:32.064266+08:00,2026-09-09T00:40:54.862203+08:00,491591567,
id_7,593,19.766666666666666,20.033413546,29.550630432535673,37.22405712000001,165.910167,2,0.022324595600366592,0.014216722920536995,1.2628304958343506,0.01742459461092949,0.053707219660282135,0.22434373199939728,36.35489273071289,67.789282,19,0,129,0,6,1,2026-09-09T00:41:15.434097+08:00,2026-09-09T00:41:35.467510+08:00,432307448,
id_8,629,20.966666666666665,21.016912843,29.880696784121884,36.78157149,40.134306,0,0.007893959060311317,0.014954067766666412,1.4115524291992188,0.012303873896598816,0.05952902510762215,0.28605130314826965,49.970523834228516,62.19488,15,0,120,0,4,8,2026-09-09T00:41:56.345495+08:00,2026-09-09T00:42:17.362407+08:00,457058540,
id_9,659,21.966666666666665,22.024160943,29.876280040949027,37.09482088999999,40.25853,0,0.005913065280765295,0.01086561568081379,1.393287181854248,0.01202564686536789,0.05620662868022919,0.373836874961853,52.938419342041016,44.243317,15,0,127,0,0,1,2026-09-09T00:43:52.013406+08:00,2026-09-09T00:44:14.037568+08:00,475460160,
id_10,650,21.666666666666668,21.724911127,29.873539928704908,36.79791776,39.046426,0,0.008637052960693836,0.011318144388496876,1.3270084857940674,0.01000821590423584,0.05594081059098244,0.3187335133552551,52.20321273803711,69.402547,15,0,124,0,0,1,2026-09-09T00:46:47.334665+08:00,2026-09-09T00:47:09.059576+08:00,478342196,
id_11,651,21.7,21.787222092,29.834000739299025,36.74554328,71.675477,1,0.006818290799856186,0.020160552114248276,1.3973000049591064,0.013680174015462399,0.05672474578022957,0.28597843647003174,52.28121566772461,63.444082,21,0,134,0,0,0,2026-09-09T00:47:55.893416+08:00,2026-09-09T00:48:17.680639+08:00,444027715,
id_12,595,19.833333333333332,19.87666777,29.884284774157592,36.75281382,40.722924,0,0.0066178180277347565,0.009628438390791416,1.5662105083465576,0.012845335528254509,0.06044270470738411,0.36601999402046204,50.30638885498047,45.399549,21,0,123,0,0,6,2026-09-09T00:59:06.731949+08:00,2026-09-09T00:59:26.608617+08:00,400131491,
id_13,661,22.033333333333335,22.08775542,29.8808089572734,36.66182428,40.196692,0,0.007790719624608755,0.011777272447943687,1.3973000049591064,0.01125634927302599,0.06711512804031372,0.31621530652046204,65.94322204589844,49.30969,15,0,128,0,1,9,2026-09-09T00:59:54.736975+08:00,2026-09-09T01:00:16.824730+08:00,452481336,
id_14,543,18.1,18.141203108,29.87673952897788,36.54049115,40.998002,0,0.006953591015189886,0.01719275861978531,1.3973000049591064,0.015602445229887962,0.057956404983997345,0.27978551387786865,47.45174789428711,51.067445,8,0,103,0,0,0,2026-09-09T01:00:50.653349+08:00,2026-09-09T01:01:08.794552+08:00,380564135,
id_15,803,26.766666666666666,26.843409739,29.87697940753025,36.81635472,40.394003,0,0.00938614271581173,0.015096992254257202,1.3973000049591064,0.010903807356953621,0.06975217908620834,0.351778507232666,55.67326354980469,60.793623,29,0,164,0,0,1,2026-09-09T01:03:15.304901+08:00,2026-09-09T01:03:42.148311+08:00,552350373,
id_16,603,20.1,20.147128779,29.880188219548376,36.78350401,40.156749,0,0.009448245167732239,0.01758532039821148,1.3517844676971436,0.011352837085723877,0.056981973350048065,0.32062676548957825,52.48207092285156,50.205298,11,0,113,0,0,2,2026-09-09T01:04:56.376149+08:00,2026-09-09T01:05:16.523278+08:00,418878007,
id_17,610,20.333333333333332,20.373665057,29.891529005516826,36.951023799999994,40.442563,0,0.0061384825967252254,0.01354189869016409,1.3973000049591064,0.010977047495543957,0.049355991184711456,0.32605209946632385,48.04350662231445,63.641926,15,0,117,0,0,3,2026-09-09T01:06:13.046362+08:00,2026-09-09T01:06:33.420027+08:00,421376534,
id_18,618,20.6,20.658551394,29.86656654828176,36.66030208,40.90917,0,0.0072660893201828,0.01275405753403902,1.6301672458648682,0.01382485032081604,0.057132065296173096,0.2993209958076477,43.297325134277344,52.691802,17,0,121,0,0,3,2026-09-09T01:07:31.448898+08:00,2026-09-09T01:07:52.107450+08:00,439772012,
id_19,670,22.333333333333332,22.391654398,29.877202823376663,37.15122276,40.498236,0,0.006076768971979618,0.011409584432840347,1.453538417816162,0.012968077324330807,0.056366194039583206,0.25978171825408936,48.54417419433594,62.272854,23,0,138,0,0,1,2026-09-09T01:09:37.902938+08:00,2026-09-09T01:10:00.294592+08:00,486642111,
id_20,624,20.8,20.852055438,29.877150569275216,36.66568348,40.808046,0,0.012806924059987068,0.01234616618603468,1.4504142999649048,0.015502284280955791,0.06096334382891655,0.29614388942718506,62.780460357666016,61.379463,18,0,120,0,0,4,2026-09-09T01:11:36.787842+08:00,2026-09-09T01:11:57.639897+08:00,452134458,
id_21,659,21.966666666666665,22.086419039,29.792063568028365,37.48232652999999,85.752391,1,0.007611345034092665,0.017929203808307648,1.516167163848877,0.015197591856122017,0.058389123529195786,0.4589283764362335,65.67906188964844,64.912506,16,0,132,0,0,0,2026-09-09T01:19:42.906951+08:00,2026-09-09T01:20:04.993371+08:00,466006180,
id_22,645,21.5,21.551278637,29.882217702589486,37.01457671000001,40.363315,0,0.007040033582597971,0.016580753028392792,1.397299885749817,0.01256152056157589,0.07149779796600342,0.3763415217399597,54.295352935791016,64.043198,15,0,123,0,0,7,2026-09-09T01:20:39.951754+08:00,2026-09-09T01:21:01.503033+08:00,458504345,
id_23,620,20.666666666666668,20.717455095,29.87818712103259,36.93890522,37.565843,0,0.00787253025919199,0.026385189965367317,1.5273696184158325,0.017627134919166565,0.06195635721087456,0.34656664729118347,50.963706970214844,71.944581,15,0,121,0,1,4,2026-09-09T01:23:17.894582+08:00,2026-09-09T01:23:38.612037+08:00,428290868,
id_24,604,20.133333333333333,20.182910837,29.876760833455194,36.98806206,40.130769,0,0.007644839119166136,0.01558389700949192,1.3360130786895752,0.0128237996250391,0.04821362346410751,0.3234722912311554,52.517852783203125,51.146668,17,0,120,0,0,1,2026-09-09T01:24:29.743141+08:00,2026-09-09T01:24:49.926053+08:00,431255618,
id_25,697,23.233333333333334,23.316396524,29.85023862000264,36.7365958,60.248212,1,0.005194012075662613,0.012597971595823765,1.3169713020324707,0.01060564536601305,0.061157479882240295,0.30436718463897705,41.71286392211914,59.960219,22,0,142,0,0,4,2026-09-09T01:54:39.390657+08:00,2026-09-09T01:55:02.707054+08:00,498059551,
id_26,612,20.4,20.448244995,29.88031491941737,37.035886299999994,39.859454,0,0.005516568664461374,0.01543109305202961,1.6157745122909546,0.012797857634723186,0.059567034244537354,0.2824781537055969,49.61803436279297,64.105236,24,0,124,0,0,5,2026-09-09T01:55:28.640664+08:00,2026-09-09T01:55:49.088909+08:00,427581939,
id_27,617,20.566666666666666,20.614100917,29.88245776423837,36.774970350000004,40.144726,0,0.006266362499445677,0.014054428786039352,1.519370198249817,0.012717335484921932,0.061304930597543716,0.31849557161331177,42.19150161743164,70.171922,29,0,130,0,0,3,2026-09-09T02:00:26.449077+08:00,2026-09-09T02:00:47.063178+08:00,447904177,
id_28,642,21.4,21.441653094,29.89508305119303,36.863309199999996,38.732612,0,0.006676181219518185,0.01467068586498499,1.5243266820907593,0.01475467998534441,0.05983497202396393,0.32040855288505554,39.3267936706543,50.118622,15,0,123,0,0,5,2026-09-09T02:01:56.649800+08:00,2026-09-09T02:02:18.091452+08:00,457411357,
id_29,659,21.966666666666665,22.016477237,29.88670680222138,36.861760939999996,40.899623,0,0.006978949066251516,0.011140231043100357,1.2165884971618652,0.01081471424549818,0.05847818776965141,0.3234991729259491,44.09218978881836,54.881236,18,0,130,0,0,3,2026-09-09T02:02:45.470581+08:00,2026-09-09T02:03:07.487058+08:00,463654431,
id_30,656,21.866666666666667,21.917205881,29.885196295382645,36.75394714000001,39.458996,0,0.006580803543329239,0.011839720420539379,1.3972972631454468,0.014004696160554886,0.05965307727456093,0.3191562592983246,46.41566467285156,91.175372,24,0,132,0,0,4,2026-09-09T02:03:31.892544+08:00,2026-09-09T02:03:53.809749+08:00,446318319,
id_31,858,28.6,28.684132894,29.877145081114268,37.133748759999996,41.147097,0,0.006084739230573177,0.01346009410917759,1.3972997665405273,0.010052585043013096,0.06224997341632843,0.30719196796417236,51.84734344482422,91.620972,41,0,183,0,1,3,2026-09-09T02:04:39.482989+08:00,2026-09-09T02:05:08.167122+08:00,604730623,
id_32,865,28.833333333333332,28.920225215,29.87528601789279,36.97763989,39.846388,0,0.009212221018970013,0.01438181009143591,1.3973000049591064,0.009843585081398487,0.0600539855659008,0.336556077003479,46.73284912109375,63.110742,31,0,178,0,0,4,2026-09-09T02:05:39.257046+08:00,2026-09-09T02:06:08.177273+08:00,636436492,
id_33,693,23.1,23.158834461,29.88060565678915,36.85058919,39.968331,0,0.005962552037090063,0.010245157405734062,1.569883942604065,0.011309471912682056,0.05607292428612709,0.3164156675338745,53.16440963745117,52.171621,16,0,136,0,0,2,2026-09-09T02:13:14.631656+08:00,2026-09-09T02:13:37.790491+08:00,489594827,
id_34,826,27.533333333333335,27.604892331,29.886006802987374,36.93097804,41.307016,0,0.006625213194638491,0.015578247606754303,1.5311142206192017,0.010727813467383385,0.06868525594472885,0.31837451457977295,56.618507385253906,42.00263,24,0,163,0,0,3,2026-09-09T02:14:02.660678+08:00,2026-09-09T02:14:30.265572+08:00,602491524,
id_35,954,31.8,31.894009859,29.880219019593678,36.89217456,40.187385,0,0.006661784369498491,0.01441279985010624,1.39729905128479,0.008174721151590347,0.05573955550789833,0.39465734362602234,64.35330200195312,54.708702,32,0,198,0,0,9,2026-09-09T02:15:12.941837+08:00,2026-09-09T02:15:44.835848+08:00,697701859,
id_37,651,21.7,21.951093198,29.611281503703093,37.65324235,66.622253,1,0.006632735021412373,0.008198914118111134,1.386530876159668,0.010444417595863342,0.06000613793730736,0.30280813574790955,37.17953109741211,60.907794,28,0,167,0,0,4,2026-09-09T02:23:42.920346+08:00,2026-09-09T02:24:04.871439+08:00,429320074,
id_38,662,22.066666666666666,22.114311176,29.890146463949712,36.5050584,39.849891,0,0.006845522206276655,0.016420891508460045,1.3973000049591064,0.012187444604933262,0.05960346758365631,0.3154451549053192,54.439918518066406,57.24693,17,0,128,0,0,0,2026-09-09T02:30:06.601497+08:00,2026-09-09T02:30:28.715808+08:00,456870691,
id_39,662,22.066666666666666,22.121195185,29.880844794869525,37.1971898,39.828952,0,0.007788236252963543,0.021317284554243088,1.3973000049591064,0.012391025200486183,0.057379208505153656,0.3268638551235199,42.728397369384766,61.24949,18,0,131,0,0,1,2026-09-09T02:30:55.509403+08:00,2026-09-09T02:31:17.630597+08:00,462379243,
id_40,748,24.933333333333334,25.000384788,29.879540108460823,37.01036325999999,40.359735,0,0.007931957021355629,0.016662485897541046,1.1443939208984375,0.012846192345023155,0.0659027025103569,0.295401930809021,50.034820556640625,76.113047,18,0,142,0,0,1,2026-09-09T02:31:39.312150+08:00,2026-09-09T02:32:04.312535+08:00,527852990,
id_41,534,17.8,17.844309777,29.86946576588789,36.74902916,40.341192,0,0.00816558301448822,0.01207169983536005,1.3972909450531006,0.013263307511806488,0.06314214318990707,0.3507798910140991,47.20359420776367,78.208458,34,0,125,0,0,0,2026-09-09T02:33:32.669470+08:00,2026-09-09T02:33:50.513780+08:00,364486055,
id_42,681,22.7,22.754808638,29.883793391451153,36.53933173,39.775616,0,0.0070158145390450954,0.015643978491425514,1.3973000049591064,0.013783994130790234,0.06059779226779938,0.31322166323661804,43.04767608642578,47.225455,10,0,127,0,0,2,2026-09-09T02:35:04.368065+08:00,2026-09-09T02:35:27.122873+08:00,503639922,
id_43,607,20.233333333333334,20.275702379,29.887990495838398,36.85320720000001,40.753498,0,0.006327745039016008,0.013746129348874092,1.3930318355560303,0.012210231274366379,0.05452493205666542,0.31777405738830566,53.02373123168945,52.623289,23,0,127,0,0,2,2026-09-09T02:35:57.290827+08:00,2026-09-09T02:36:17.566528+08:00,401345502,
id_44,697,23.233333333333334,23.289919696,29.8841734572205,36.69180615,40.339184,0,0.00623466307297349,0.01459696888923645,1.367491602897644,0.01095492672175169,0.05706942081451416,0.32739755511283875,55.88408660888672,66.891718,30,0,145,0,0,1,2026-09-09T02:36:40.017882+08:00,2026-09-09T02:37:03.307802+08:00,486204838,
id_45,646,21.533333333333335,21.58821856,29.87740735565353,36.872900679999994,40.306637,0,0.008338259533047676,0.01227816753089428,1.3973000049591064,0.013892769813537598,0.051677823066711426,0.33994296193122864,57.718074798583984,59.953531,15,0,125,0,0,0,2026-09-09T02:37:55.109077+08:00,2026-09-09T02:38:16.697296+08:00,448375326,
id_46,652,21.733333333333334,21.787855468,29.879030589133883,36.6430675,40.262136,0,0.00783099140971899,0.016036441549658775,1.4708648920059204,0.015093370340764523,0.06144475191831589,0.2958904206752777,46.55845642089844,59.754347,19,0,129,0,0,0,2026-09-09T02:38:37.129379+08:00,2026-09-09T02:38:58.917235+08:00,461001512,
id_47,463,15.433333333333334,15.469071826,29.8660453061885,36.7439213,40.207231,0,0.008246268145740032,0.015307649970054626,1.2277501821517944,0.01560487411916256,0.05320326238870621,0.36470988392829895,47.109535217285156,58.627533,9,0,91,0,0,2,2026-09-09T02:53:20.621434+08:00,2026-09-09T02:53:36.090507+08:00,322434883,
id_48,642,21.4,21.450848412,29.882267949896693,36.8925658,40.992973,0,0.006922015454620123,0.011505152098834515,1.3150596618652344,0.011208216659724712,0.05877029523253441,0.41445446014404297,41.044612884521484,64.160817,17,0,125,0,0,1,2026-09-09T02:56:19.728487+08:00,2026-09-09T02:56:41.179335+08:00,463080059,
id_49,706,23.533333333333335,23.596678665,29.877086093717846,36.90592456,40.248059,0,0.007616997230798006,0.012381528504192829,1.2054871320724487,0.011446968652307987,0.061623893678188324,0.3977140188217163,40.527488708496094,62.965169,31,0,150,0,0,2,2026-09-09T02:58:34.501426+08:00,2026-09-09T02:58:58.098105+08:00,508561166,
id_50,688,22.933333333333334,22.990277781,29.88219657649207,37.23491474,40.417575,0,0.0072190165519714355,0.016781726852059364,1.3267290592193604,0.01158134639263153,0.05384356901049614,0.37683603167533875,42.73965835571289,63.385514,20,0,137,0,2,9,2026-09-09T03:04:18.989697+08:00,2026-09-09T03:04:41.979974+08:00,482702024,
id_51,594,19.8,19.84498109,29.88161073626903,36.81327968000001,39.487646,0,0.006275428459048271,0.012971323914825916,1.438924789428711,0.011195412836968899,0.055381305515766144,0.32294127345085144,44.50605773925781,68.779269,17,0,118,0,0,3,2026-09-09T03:05:40.442485+08:00,2026-09-09T03:06:00.287467+08:00,425673203,
id_52,677,22.566666666666666,22.622167229,29.882194449231037,36.8805985,40.851936,0,0.0069656698033213615,0.014887005090713501,1.3800948858261108,0.012054000981152058,0.056189700961112976,0.3481399714946747,40.54825210571289,57.187717,16,0,129,0,0,4,2026-09-09T03:06:27.085535+08:00,2026-09-09T03:06:49.707702+08:00,484196104,
id_53,699,23.3,23.360275378,29.87978475019842,36.96266463,40.453494,0,0.006779133807867765,0.013759872876107693,1.3968865871429443,0.01251902338117361,0.05778838321566582,0.32424286007881165,45.36875915527344,60.423963,20,0,138,0,0,0,2026-09-09T03:09:11.824728+08:00,2026-09-09T03:09:35.185004+08:00,484431042,
id_54,748,24.933333333333334,24.997384461,29.88312641930366,36.99344225999999,40.38627,0,0.007553291041404009,0.012828877195715904,1.3971948623657227,0.012863270938396454,0.0692272037267685,0.3352409601211548,41.39945602416992,62.688304,19,0,149,0,0,2,2026-09-09T03:10:23.931401+08:00,2026-09-09T03:10:48.928785+08:00,513563556,
id_55,627,20.9,20.94385946,29.889428984928838,36.415944249999995,40.370254,0,0.006819022819399834,0.01450886856764555,1.3972997665405273,0.011088463477790356,0.05724325776100159,0.32728835940361023,39.39677810668945,59.442674,11,0,116,0,0,2,2026-09-09T03:21:59.653323+08:00,2026-09-09T03:22:20.597182+08:00,439488065,
id_56,709,23.633333333333333,23.690433262,29.885481289852486,36.94006450999998,40.594378,0,0.006438089068979025,0.013810422271490097,1.3972996473312378,0.011356944218277931,0.0658160075545311,0.3154488801956177,48.40584945678711,100.57209,41,0,155,0,2,3,2026-09-09T03:22:55.722549+08:00,2026-09-09T03:23:19.412982+08:00,507989832,
id_57,585,19.5,19.548342352,29.874655839565378,36.61755284,40.248663,0,0.007792261894792318,0.018125679343938828,1.2236740589141846,0.018052013590931892,0.06116120517253876,0.32221558690071106,44.05219650268555,63.939854,24,0,125,0,0,1,2026-09-09T03:23:41.739573+08:00,2026-09-09T03:24:01.287916+08:00,403474035,
id_58,663,22.1,22.15591005,29.879160842684502,36.642654289999996,40.621544,0,0.007281778380274773,0.01176708098500967,1.5812820196151733,0.018332595005631447,0.0663384273648262,0.35985031723976135,42.05172348022461,61.375723,19,0,130,0,0,1,2026-09-09T03:25:17.587504+08:00,2026-09-09T03:25:39.743414+08:00,471010186,
id_59,609,20.3,20.335937424,29.897810330712986,36.915375099999984,38.823438,0,0.006873733829706907,0.012617446482181549,1.3973000049591064,0.014357298612594604,0.06078704446554184,0.3461902141571045,44.46021270751953,64.617591,12,0,113,0,0,1,2026-09-09T03:27:12.014134+08:00,2026-09-09T03:27:32.350071+08:00,429505859,
id_60,603,20.1,20.147756935,29.879256631006207,36.83406695,40.643857,0,0.00894900318235159,0.01672504097223282,1.3973000049591064,0.015174840576946735,0.05365179479122162,0.3247086703777313,42.46614074707031,58.994973,18,0,120,0,0,1,2026-09-09T03:27:52.958110+08:00,2026-09-09T03:28:13.105866+08:00,428285214,
id_61,573,19.1,19.147379953,29.87353890736259,36.72215511999999,40.339035,0,0.008783073164522648,0.014352436177432537,1.3972996473312378,0.013617306016385555,0.05690637603402138,0.3333129584789276,42.001705169677734,51.268255,23,0,118,0,0,1,2026-09-09T03:28:59.309438+08:00,2026-09-09T03:29:18.456818+08:00,418317274,
id_62,565,18.833333333333332,18.874088016,29.882238523094955,36.96196176,38.494774,0,0.007482907734811306,0.019610241055488586,1.3973000049591064,0.017021456733345985,0.05905142053961754,0.33370113372802734,42.36848068237305,69.866578,37,0,134,0,0,6,2026-09-09T03:29:48.632529+08:00,2026-09-09T03:30:07.506617+08:00,388771895,
id_63,588,19.6,19.645009879,29.880361660061446,36.6738351,40.354776,0,0.008702239021658897,0.01293470524251461,1.3973000049591064,0.017961042001843452,0.06151030585169792,0.309319406747818,60.44808578491211,94.972068,39,0,136,0,0,8,2026-09-09T03:30:27.066349+08:00,2026-09-09T03:30:46.711358+08:00,407383299,
id_64,639,21.3,21.348331485,29.885239530231136,36.66523787,41.192217,0,0.00738177727907896,0.018253188580274582,1.3973000049591064,0.01627144031226635,0.06226186454296112,0.31175553798675537,45.2360725402832,64.089865,20,0,128,0,0,1,2026-09-09T03:31:07.378331+08:00,2026-09-09T03:31:28.726663+08:00,460264722,
id_65,635,21.166666666666668,21.50046007,29.487741096509478,36.61786858,194.322248,2,0.017762290313839912,0.022695211693644524,1.2672483921051025,0.013198744505643845,0.05915377289056778,0.3384404480457306,56.33403778076172,173.53232,24,0,144,0,0,2,2026-09-09T03:31:47.382568+08:00,2026-09-09T03:32:08.883029+08:00,438594598,
id_66,551,18.366666666666667,18.408212203,29.877969350568762,36.464677339999994,40.071444,0,0.007377334404736757,0.01540999673306942,1.3973000049591064,0.015154199674725533,0.056934140622615814,0.35431969165802,49.50403594970703,60.624624,9,0,104,0,2,1,2026-09-09T03:33:09.708811+08:00,2026-09-09T03:33:28.117023+08:00,391316205,
id_67,559,18.633333333333333,18.677050574,29.876237567016183,36.929952130000004,39.848862,0,0.007708755321800709,0.020250467583537102,1.3973000049591064,0.015981145203113556,0.05285918340086937,0.33078762888908386,52.051551818847656,61.900124,17,0,113,0,1,0,2026-09-09T03:34:04.067897+08:00,2026-09-09T03:34:22.744948+08:00,391570167,
id_68,678,22.6,22.651546399,29.88758418850766,36.43475076,40.230086,0,0.00752704543992877,0.016528457403182983,1.3973000049591064,0.015238632448017597,0.059100136160850525,0.3420843780040741,61.329193115234375,59.799286,18,0,130,0,0,2,2026-09-09T03:35:18.738191+08:00,2026-09-09T03:35:41.389737+08:00,483147786,
id_69,668,22.266666666666666,22.314289755,29.891159760105932,36.62750688,40.710994,0,0.008014687336981297,0.02174290642142296,1.3973000049591064,0.015609207563102245,0.059636373072862625,0.31815531849861145,54.33495330810547,53.878837,14,0,127,0,0,2,2026-09-09T03:36:05.810533+08:00,2026-09-09T03:36:28.124823+08:00,475851231,
id_70,612,20.4,20.447295166,29.88170293623862,37.56663999999999,39.920557,0,0.012510744854807854,0.015416311100125313,1.3973000049591064,0.01464902050793171,0.0525352768599987,0.36858031153678894,63.13959884643555,73.673683,20,0,124,0,0,0,2026-09-09T03:37:35.947234+08:00,2026-09-09T03:37:56.394529+08:00,422943954,
id_71,635,21.166666666666668,21.442551805,29.56737639090899,37.325616600000004,170.293873,2,0.011359664611518383,0.029106678441166878,1.434073805809021,0.017380082979798317,0.0603809580206871,0.3288116753101349,48.130741119384766,35.870045,16,0,135,0,1,1,2026-09-09T03:38:12.698025+08:00,2026-09-09T03:38:34.140577+08:00,458669133,
id_72,686,22.866666666666667,23.316057266,29.378895075836105,43.471241519999985,195.796746,3,0.008654079400002956,0.013842202723026276,1.3929904699325562,0.014096922241151333,0.06543727964162827,0.32045483589172363,64.22075653076172,49.6898,17,0,163,0,1,5,2026-09-09T03:38:49.723289+08:00,2026-09-09T03:39:13.039347+08:00,492093690,
id_73,778,25.933333333333334,26.404414544,29.42689748735828,41.595781200000005,190.127331,3,0.0170277152210474,0.016842233017086983,1.5079345703125,0.013052595779299736,0.06995700299739838,0.333880215883255,61.146636962890625,44.594686,21,0,179,0,0,2,2026-09-09T03:39:28.614477+08:00,2026-09-09T03:39:55.018892+08:00,550942659,
id_74,594,19.8,19.847499737,29.877818760945527,36.89153392,40.119092,0,0.006091530434787273,0.014461439102888107,1.3973000049591064,0.01372888870537281,0.057891421020030975,0.3125477135181427,60.759212493896484,57.742669,13,0,113,0,0,0,2026-09-09T03:40:20.522548+08:00,2026-09-09T03:40:40.370048+08:00,414529060,
id_75,677,22.566666666666666,22.622533262,29.881710954780864,37.34737525,40.206517,0,0.0075265574268996716,0.016007062047719955,1.3973000049591064,0.01846747100353241,0.05771524831652641,0.34200021624565125,54.013038635253906,47.195222,18,0,131,0,0,2,2026-09-09T03:41:31.903063+08:00,2026-09-09T03:41:54.525596+08:00,493471401,
