id,frames,image_frames,image_empty,image_bad_header_or_footer,image_duplicate_adjacent,image_decoded,image_decoded_black,image_decode_error,image_max_identical_run,extra_view_image_frames,extra_view_image_empty,extra_view_image_bad_header_or_footer,extra_view_image_duplicate_adjacent,extra_view_image_decoded,extra_view_image_decoded_black,extra_view_image_decode_error,extra_view_image_max_identical_run,deform_0_nonzero_frames,deform_0_max,deform_1_nonzero_frames,deform_1_max,deform_2_nonzero_frames,deform_2_max,deform_3_nonzero_frames,deform_3_max,deform_4_nonzero_frames,deform_4_max
id_0,561,561,0,0,0,5,0,0,1,561,0,0,0,5,0,0,1,10,130,271,167,341,148,286,145,125,145
id_1,587,587,0,0,0,5,0,0,1,587,0,0,0,5,0,0,1,0,0,217,157,333,155,259,158,274,144
id_2,594,594,0,0,0,5,0,0,1,594,0,0,0,5,0,0,1,0,0,106,165,202,157,285,146,292,145
id_3,626,626,0,0,0,5,0,0,1,626,0,0,0,5,0,0,1,0,0,116,165,153,155,222,152,285,143
id_4,680,680,0,0,0,5,0,0,1,680,0,0,0,5,0,0,1,6,130,151,172,312,156,398,150,239,149
id_5,657,657,0,0,0,5,0,0,1,657,0,0,0,5,0,0,1,0,0,95,151,258,154,463,159,235,148
id_6,682,682,0,0,0,5,0,0,1,682,0,0,0,5,0,0,1,0,0,167,155,330,159,341,147,203,149
id_7,593,593,0,0,0,5,0,0,1,593,0,0,0,5,0,0,1,9,97,145,152,278,157,373,153,208,151
id_8,629,629,0,0,0,5,0,0,1,629,0,0,0,5,0,0,1,0,0,455,157,254,160,359,153,235,142
id_9,659,659,0,0,0,5,0,0,1,659,0,0,0,5,0,0,1,0,0,302,163,266,152,496,155,360,152
id_10,650,650,0,0,0,5,0,0,1,650,0,0,0,5,0,0,1,7,128,277,166,350,154,360,150,211,150
id_11,651,651,0,0,0,5,0,0,1,651,0,0,0,5,0,0,1,0,0,226,161,369,153,302,151,219,148
id_12,595,595,0,0,0,5,0,0,1,595,0,0,0,5,0,0,1,2,39,554,161,252,148,193,154,224,144
id_13,661,661,0,0,0,5,0,0,1,661,0,0,0,5,0,0,1,0,0,333,155,281,154,276,162,383,143
id_14,543,543,0,0,0,5,0,0,1,543,0,0,0,5,0,0,1,0,0,221,166,177,159,138,158,203,146
id_15,803,803,0,0,0,5,0,0,1,803,0,0,0,5,0,0,1,0,0,298,167,393,155,486,158,768,145
id_16,603,603,0,0,0,5,0,0,1,603,0,0,0,5,0,0,1,0,0,308,167,210,158,252,153,323,150
id_17,610,610,0,0,0,5,0,0,1,610,0,0,0,5,0,0,1,0,0,247,162,184,159,183,162,232,150
id_18,618,618,0,0,0,5,0,0,1,618,0,0,0,5,0,0,1,0,0,355,166,197,157,232,158,194,144
id_19,670,670,0,0,0,5,0,0,1,670,0,0,0,5,0,0,1,0,0,280,161,320,163,314,150,285,153
id_20,624,624,0,0,0,5,0,0,1,624,0,0,0,5,0,0,1,0,0,203,158,220,160,305,158,184,143
id_21,659,659,0,0,0,5,0,0,1,659,0,0,0,5,0,0,1,0,0,247,165,286,157,266,156,181,151
id_22,645,645,0,0,0,5,0,0,1,645,0,0,0,5,0,0,1,0,0,236,170,325,158,262,156,306,155
id_23,620,620,0,0,0,5,0,0,1,620,0,0,0,5,0,0,1,0,0,255,168,219,155,243,161,391,146
id_24,604,604,0,0,0,5,0,0,1,604,0,0,0,5,0,0,1,0,0,163,169,167,162,151,149,303,146
id_25,697,697,0,0,0,5,0,0,1,697,0,0,0,5,0,0,1,0,0,289,161,533,155,411,153,516,155
id_26,612,612,0,0,0,5,0,0,1,612,0,0,0,5,0,0,1,0,0,202,138,435,156,535,154,563,147
id_27,617,617,0,0,0,5,0,0,1,617,0,0,0,5,0,0,1,4,109,244,157,575,152,613,145,362,153
id_28,642,642,0,0,0,5,0,0,1,642,0,0,0,5,0,0,1,0,0,274,160,641,150,641,162,541,146
id_29,659,659,0,0,0,5,0,0,1,659,0,0,0,5,0,0,1,0,0,282,154,555,155,657,150,651,146
id_30,656,656,0,0,0,5,0,0,1,656,0,0,0,5,0,0,1,0,0,320,155,643,151,612,151,351,151
id_31,858,858,0,0,0,5,0,0,1,858,0,0,0,5,0,0,1,0,0,240,151,856,153,782,157,839,146
id_32,865,865,0,0,0,5,0,0,1,865,0,0,0,5,0,0,1,0,0,439,157,794,163,864,150,849,156
id_33,693,693,0,0,0,5,0,0,1,693,0,0,0,5,0,0,1,0,0,371,158,681,157,690,156,690,150
id_34,826,826,0,0,0,5,0,0,1,826,0,0,0,5,0,0,1,0,0,701,161,815,154,825,150,812,156
id_35,954,954,0,0,0,5,0,0,1,954,0,0,0,5,0,0,1,3,45,340,161,933,155,946,156,953,152
id_37,651,651,0,0,0,5,0,0,1,651,0,0,0,5,0,0,1,0,0,185,152,335,152,384,152,239,149
id_38,662,662,0,0,0,5,0,0,1,662,0,0,0,5,0,0,1,0,0,218,154,311,161,395,149,559,146
id_39,662,662,0,0,0,5,0,0,1,662,0,0,0,5,0,0,1,0,0,171,149,418,155,539,145,248,147
id_40,748,748,0,0,0,5,0,0,1,748,0,0,0,5,0,0,1,3,12,215,156,352,149,527,160,352,144
id_41,534,534,0,0,0,5,0,0,1,534,0,0,0,5,0,0,1,0,0,267,157,323,155,455,153,251,148
id_42,681,681,0,0,0,5,0,0,1,681,0,0,0,5,0,0,1,11,42,357,155,400,151,632,146,171,143
id_43,607,607,0,0,0,5,0,0,1,607,0,0,0,5,0,0,1,0,0,211,161,288,153,606,144,235,144
id_44,697,697,0,0,0,5,0,0,1,697,0,0,0,5,0,0,1,0,0,251,164,316,159,693,158,361,150
id_45,646,646,0,0,0,5,0,0,1,646,0,0,0,5,0,0,1,0,0,208,164,488,154,571,144,518,146
id_46,652,652,0,0,0,5,0,0,1,652,0,0,0,5,0,0,1,26,58,297,169,472,159,632,148,275,149
id_47,463,463,0,0,0,5,0,0,1,463,0,0,0,5,0,0,1,0,0,212,153,309,156,161,148,196,150
id_48,642,642,0,0,0,5,0,0,1,642,0,0,0,5,0,0,1,0,0,338,156,303,154,416,154,257,146
id_49,706,706,0,0,0,5,0,0,1,706,0,0,0,5,0,0,1,0,0,531,155,350,155,340,154,276,152
id_50,688,688,0,0,0,5,0,0,1,688,0,0,0,5,0,0,1,0,0,254,158,438,158,482,151,187,152
id_51,594,594,0,0,0,5,0,0,1,594,0,0,0,5,0,0,1,0,0,215,151,359,151,415,151,425,147
id_52,677,677,0,0,0,5,0,0,1,677,0,0,0,5,0,0,1,0,0,258,158,404,156,554,150,250,147
id_53,699,699,0,0,0,5,0,0,1,699,0,0,0,5,0,0,1,0,0,246,164,566,163,450,157,367,153
id_54,748,748,0,0,0,5,0,0,1,748,0,0,0,5,0,0,1,0,0,324,158,662,152,533,146,420,147
id_55,627,627,0,0,0,5,0,0,1,627,0,0,0,5,0,0,1,0,0,179,151,373,158,385,151,308,148
id_56,709,709,0,0,0,5,0,0,1,709,0,0,0,5,0,0,1,0,0,188,161,407,159,561,148,505,147
id_57,585,585,0,0,0,5,0,0,1,585,0,0,0,5,0,0,1,0,0,234,154,400,156,429,147,319,148
id_58,663,663,0,0,0,5,0,0,1,663,0,0,0,5,0,0,1,0,0,257,158,586,153,465,153,183,144
id_59,609,609,0,0,0,5,0,0,1,609,0,0,0,5,0,0,1,22,59,183,151,467,163,570,152,208,153
id_60,603,603,0,0,0,5,0,0,1,603,0,0,0,5,0,0,1,0,0,282,157,541,159,592,151,271,152
id_61,573,573,0,0,0,5,0,0,1,573,0,0,0,5,0,0,1,0,0,280,159,556,164,571,145,270,144
id_62,565,565,0,0,0,5,0,0,1,565,0,0,0,5,0,0,1,0,0,222,155,564,156,564,147,190,148
id_63,588,588,0,0,0,5,0,0,1,588,0,0,0,5,0,0,1,34,119,307,158,581,156,575,153,200,148
id_64,639,639,0,0,0,5,0,0,1,639,0,0,0,5,0,0,1,0,0,308,153,573,154,623,152,203,148
id_65,635,635,0,0,0,5,0,0,1,635,0,0,0,5,0,0,1,0,0,248,157,616,160,634,151,369,148
id_66,551,551,0,0,0,5,0,0,1,551,0,0,0,5,0,0,1,0,0,162,154,457,160,549,149,322,147
id_67,559,559,0,0,0,5,0,0,1,559,0,0,0,5,0,0,1,0,0,248,160,543,156,559,147,207,151
id_68,678,678,0,0,0,5,0,0,1,678,0,0,0,5,0,0,1,0,0,370,163,674,152,678,146,432,145
id_69,668,668,0,0,0,5,0,0,1,668,0,0,0,5,0,0,1,0,0,290,160,633,153,668,153,487,148
id_70,612,612,0,0,0,5,0,0,1,612,0,0,0,5,0,0,1,0,0,152,156,608,158,610,153,323,151
id_71,635,635,0,0,0,5,0,0,1,635,0,0,0,5,0,0,1,0,0,231,165,630,152,631,151,198,151
id_72,686,686,0,0,0,5,0,0,1,686,0,0,0,5,0,0,1,0,0,315,165,676,149,683,155,253,150
id_73,778,778,0,0,0,5,0,0,1,778,0,0,0,5,0,0,1,0,0,307,162,770,158,745,154,319,147
id_74,594,594,0,0,0,5,0,0,1,594,0,0,0,5,0,0,1,0,0,130,154,538,151,591,153,408,150
id_75,677,677,0,0,0,5,0,0,1,677,0,0,0,5,0,0,1,20,91,414,165,670,155,673,145,203,145
